Dataset,Model,F1,Accuracy,AUROC,Inference Time (s)
Multi-class Mental Health (Reddit Dataset 2),Naive Bayes,0.7289479673763082,0.7231543624161074,0.9325762738204627,0.0002689361572265625
General Sentiment Analysis,Naive Bayes,0.5032965090971416,0.5675344793124125,0.8905250291476777,0.0018279552459716797
