Dataset,Model,F1,Accuracy,AUROC,Inference Time (s)
Depression & Reddit,Naive Bayes,0.9162777040378101,0.9201857791898975,0.9586830752128879,0.029333114624023438
